{
  "total_queries": 0,
  "total_responses": 0,
  "start_time": 1745088663.4692607,
  "last_activity": 1745088663.4692607
}